,date,searches
0,2017-01-01,94
1,2017-01-02,100
2,2017-01-03,85
3,2017-01-04,87
4,2017-01-05,87
5,2017-01-06,86
6,2017-01-07,91
7,2017-01-08,99
8,2017-01-09,92
9,2017-01-10,90
10,2017-01-11,88
11,2017-01-12,87
12,2017-01-13,87
13,2017-01-14,98
14,2017-01-15,93
15,2017-01-16,90
16,2017-01-17,83
17,2017-01-18,83
18,2017-01-19,76
19,2017-01-20,76
20,2017-01-21,81
21,2017-01-22,92
22,2017-01-23,81
23,2017-01-24,75
24,2017-01-25,67
25,2017-01-26,71
26,2017-01-27,78
27,2017-01-28,98
28,2017-01-29,90
29,2017-01-30,80
30,2017-01-31,66
31,2017-02-01,72
32,2017-02-02,69
33,2017-02-03,69
34,2017-02-04,83
35,2017-02-05,84
36,2017-02-06,77
37,2017-02-07,64
38,2017-02-08,68
39,2017-02-09,65
40,2017-02-10,68
41,2017-02-11,81
42,2017-02-12,75
43,2017-02-13,70
44,2017-02-14,64
45,2017-02-15,69
46,2017-02-16,67
47,2017-02-17,74
48,2017-02-18,79
49,2017-02-19,82
50,2017-02-20,66
51,2017-02-21,71
52,2017-02-22,66
53,2017-02-23,65
54,2017-02-24,73
55,2017-02-25,78
56,2017-02-26,77
57,2017-02-27,65
58,2017-02-28,66
59,2017-03-01,71
60,2017-03-02,80
61,2017-03-03,76
62,2017-03-04,81
63,2017-03-05,77
64,2017-03-06,68
65,2017-03-07,72
66,2017-03-08,70
67,2017-03-09,65
68,2017-03-10,67
69,2017-03-11,77
70,2017-03-12,74
71,2017-03-13,66
72,2017-03-14,69
73,2017-03-15,72
74,2017-03-16,62
75,2017-03-17,69
76,2017-03-18,76
77,2017-03-19,80
78,2017-03-20,66
79,2017-03-21,69
80,2017-03-22,78
81,2017-03-23,70
82,2017-03-24,65
83,2017-03-25,64
84,2017-03-26,79
85,2017-03-27,65
86,2017-03-28,65
87,2017-03-29,62
88,2017-03-30,64
89,2017-03-31,64
90,2017-04-01,73
91,2017-04-02,66
92,2017-04-03,58
93,2017-04-04,62
94,2017-04-05,62
95,2017-04-06,58
96,2017-04-07,65
97,2017-04-08,68
98,2017-04-09,69
99,2017-04-10,64
100,2017-04-11,63
101,2017-04-12,65
102,2017-04-13,65
103,2017-04-14,66
104,2017-04-15,69
105,2017-04-16,69
106,2017-04-17,66
107,2017-04-18,68
108,2017-04-19,63
109,2017-04-20,59
110,2017-04-21,61
111,2017-04-22,65
112,2017-04-23,67
113,2017-04-24,62
114,2017-04-25,61
115,2017-04-26,64
116,2017-04-27,67
117,2017-04-28,67
118,2017-04-29,68
119,2017-04-30,71
120,2017-05-01,73
121,2017-05-02,64
122,2017-05-03,61
123,2017-05-04,59
124,2017-05-05,64
125,2017-05-06,66
126,2017-05-07,74
127,2017-05-08,65
128,2017-05-09,63
129,2017-05-10,59
130,2017-05-11,64
131,2017-05-12,58
132,2017-05-13,62
133,2017-05-14,65
134,2017-05-15,58
135,2017-05-16,57
136,2017-05-17,55
137,2017-05-18,50
138,2017-05-19,59
139,2017-05-20,63
140,2017-05-21,67
141,2017-05-22,57
142,2017-05-23,58
143,2017-05-24,62
144,2017-05-25,61
145,2017-05-26,58
146,2017-05-27,66
147,2017-05-28,62
148,2017-05-29,64
149,2017-05-30,68
150,2017-05-31,63
151,2017-06-01,70
152,2017-06-02,63
153,2017-06-03,66
154,2017-06-04,82
155,2017-06-05,75
156,2017-06-06,71
157,2017-06-07,73
158,2017-06-08,65
159,2017-06-09,66
160,2017-06-10,69
161,2017-06-11,77
162,2017-06-12,61
163,2017-06-13,60
164,2017-06-14,69
165,2017-06-15,66
166,2017-06-16,64
167,2017-06-17,65
168,2017-06-18,69
169,2017-06-19,65
170,2017-06-20,63
171,2017-06-21,65
172,2017-06-22,63
173,2017-06-23,66
174,2017-06-24,71
175,2017-06-25,76
176,2017-06-26,100
177,2017-06-27,87
178,2017-06-28,84
179,2017-06-29,75
180,2017-06-30,83
0,2017-07-01,71
1,2017-07-02,79
2,2017-07-03,76
3,2017-07-04,68
4,2017-07-05,65
5,2017-07-06,69
6,2017-07-07,64
7,2017-07-08,68
8,2017-07-09,77
9,2017-07-10,73
10,2017-07-11,69
11,2017-07-12,64
12,2017-07-13,73
13,2017-07-14,69
14,2017-07-15,68
15,2017-07-16,75
16,2017-07-17,69
17,2017-07-18,60
18,2017-07-19,66
19,2017-07-20,66
20,2017-07-21,63
21,2017-07-22,65
22,2017-07-23,69
23,2017-07-24,68
24,2017-07-25,60
25,2017-07-26,64
26,2017-07-27,63
27,2017-07-28,67
28,2017-07-29,65
29,2017-07-30,73
30,2017-07-31,72
31,2017-08-01,69
32,2017-08-02,67
33,2017-08-03,65
34,2017-08-04,69
35,2017-08-05,60
36,2017-08-06,66
37,2017-08-07,61
38,2017-08-08,59
39,2017-08-09,58
40,2017-08-10,56
41,2017-08-11,55
42,2017-08-12,61
43,2017-08-13,63
44,2017-08-14,63
45,2017-08-15,60
46,2017-08-16,55
47,2017-08-17,58
48,2017-08-18,55
49,2017-08-19,60
50,2017-08-20,64
51,2017-08-21,60
52,2017-08-22,57
53,2017-08-23,58
54,2017-08-24,54
55,2017-08-25,56
56,2017-08-26,58
57,2017-08-27,61
58,2017-08-28,58
59,2017-08-29,55
60,2017-08-30,53
61,2017-08-31,53
62,2017-09-01,61
63,2017-09-02,64
64,2017-09-03,66
65,2017-09-04,63
66,2017-09-05,54
67,2017-09-06,53
68,2017-09-07,50
69,2017-09-08,52
70,2017-09-09,56
71,2017-09-10,64
72,2017-09-11,50
73,2017-09-12,51
74,2017-09-13,49
75,2017-09-14,48
76,2017-09-15,51
77,2017-09-16,57
78,2017-09-17,65
79,2017-09-18,49
80,2017-09-19,47
81,2017-09-20,52
82,2017-09-21,48
83,2017-09-22,52
84,2017-09-23,61
85,2017-09-24,67
86,2017-09-25,56
87,2017-09-26,49
88,2017-09-27,49
89,2017-09-28,52
90,2017-09-29,58
91,2017-09-30,61
92,2017-10-01,71
93,2017-10-02,57
94,2017-10-03,50
95,2017-10-04,51
96,2017-10-05,50
97,2017-10-06,50
98,2017-10-07,55
99,2017-10-08,60
100,2017-10-09,53
101,2017-10-10,48
102,2017-10-11,49
103,2017-10-12,48
104,2017-10-13,49
105,2017-10-14,60
106,2017-10-15,64
107,2017-10-16,52
108,2017-10-17,50
109,2017-10-18,51
110,2017-10-19,53
111,2017-10-20,53
112,2017-10-21,57
113,2017-10-22,67
114,2017-10-23,55
115,2017-10-24,53
116,2017-10-25,53
117,2017-10-26,51
118,2017-10-27,51
119,2017-10-28,58
120,2017-10-29,64
121,2017-10-30,54
122,2017-10-31,57
123,2017-11-01,53
124,2017-11-02,53
125,2017-11-03,49
126,2017-11-04,57
127,2017-11-05,62
128,2017-11-06,48
129,2017-11-07,48
130,2017-11-08,49
131,2017-11-09,55
132,2017-11-10,58
133,2017-11-11,72
134,2017-11-12,72
135,2017-11-13,70
136,2017-11-14,70
137,2017-11-15,76
138,2017-11-16,70
139,2017-11-17,100
140,2017-11-18,85
141,2017-11-19,80
142,2017-11-20,70
143,2017-11-21,68
144,2017-11-22,71
145,2017-11-23,79
146,2017-11-24,79
147,2017-11-25,82
148,2017-11-26,85
149,2017-11-27,88
150,2017-11-28,78
151,2017-11-29,74
152,2017-11-30,82
153,2017-12-01,73
154,2017-12-02,74
155,2017-12-03,78
156,2017-12-04,70
157,2017-12-05,62
158,2017-12-06,66
159,2017-12-07,62
160,2017-12-08,64
161,2017-12-09,70
162,2017-12-10,71
163,2017-12-11,65
164,2017-12-12,65
165,2017-12-13,68
166,2017-12-14,69
167,2017-12-15,65
168,2017-12-16,75
169,2017-12-17,73
170,2017-12-18,71
171,2017-12-19,70
172,2017-12-20,67
173,2017-12-21,71
174,2017-12-22,70
175,2017-12-23,66
176,2017-12-24,71
177,2017-12-25,75
178,2017-12-26,76
179,2017-12-27,78
180,2017-12-28,78
181,2017-12-29,73
182,2017-12-30,81
183,2017-12-31,74
0,2018-01-01,94
1,2018-01-02,96
2,2018-01-03,93
3,2018-01-04,96
4,2018-01-05,100
5,2018-01-06,98
6,2018-01-07,98
7,2018-01-08,94
8,2018-01-09,85
9,2018-01-10,87
10,2018-01-11,84
11,2018-01-12,86
12,2018-01-13,97
13,2018-01-14,94
14,2018-01-15,91
15,2018-01-16,93
16,2018-01-17,93
17,2018-01-18,91
18,2018-01-19,95
19,2018-01-20,97
20,2018-01-21,100
21,2018-01-22,85
22,2018-01-23,81
23,2018-01-24,83
24,2018-01-25,77
25,2018-01-26,85
26,2018-01-27,79
27,2018-01-28,84
28,2018-01-29,76
29,2018-01-30,79
30,2018-01-31,75
31,2018-02-01,77
32,2018-02-02,77
33,2018-02-03,82
34,2018-02-04,80
35,2018-02-05,72
36,2018-02-06,70
37,2018-02-07,65
38,2018-02-08,69
39,2018-02-09,73
40,2018-02-10,76
41,2018-02-11,76
42,2018-02-12,71
43,2018-02-13,64
44,2018-02-14,60
45,2018-02-15,58
46,2018-02-16,68
47,2018-02-17,76
48,2018-02-18,77
49,2018-02-19,69
50,2018-02-20,66
51,2018-02-21,65
52,2018-02-22,69
53,2018-02-23,70
54,2018-02-24,74
55,2018-02-25,70
56,2018-02-26,63
57,2018-02-27,57
58,2018-02-28,64
59,2018-03-01,68
60,2018-03-02,63
61,2018-03-03,73
62,2018-03-04,70
63,2018-03-05,59
64,2018-03-06,63
65,2018-03-07,56
66,2018-03-08,55
67,2018-03-09,57
68,2018-03-10,65
69,2018-03-11,56
70,2018-03-12,55
71,2018-03-13,64
72,2018-03-14,77
73,2018-03-15,67
74,2018-03-16,70
75,2018-03-17,73
76,2018-03-18,77
77,2018-03-19,64
78,2018-03-20,63
79,2018-03-21,65
80,2018-03-22,63
81,2018-03-23,67
82,2018-03-24,70
83,2018-03-25,64
84,2018-03-26,64
85,2018-03-27,65
86,2018-03-28,58
87,2018-03-29,63
88,2018-03-30,66
89,2018-03-31,66
90,2018-04-01,67
91,2018-04-02,67
92,2018-04-03,60
93,2018-04-04,56
94,2018-04-05,55
95,2018-04-06,56
96,2018-04-07,59
97,2018-04-08,63
98,2018-04-09,54
99,2018-04-10,56
100,2018-04-11,54
101,2018-04-12,51
102,2018-04-13,57
103,2018-04-14,61
104,2018-04-15,70
105,2018-04-16,57
106,2018-04-17,56
107,2018-04-18,54
108,2018-04-19,53
109,2018-04-20,54
110,2018-04-21,60
111,2018-04-22,62
112,2018-04-23,59
113,2018-04-24,56
114,2018-04-25,74
115,2018-04-26,77
116,2018-04-27,79
117,2018-04-28,82
118,2018-04-29,86
119,2018-04-30,85
120,2018-05-01,81
121,2018-05-02,79
122,2018-05-03,78
123,2018-05-04,69
124,2018-05-05,69
125,2018-05-06,71
126,2018-05-07,60
127,2018-05-08,63
128,2018-05-09,62
129,2018-05-10,62
130,2018-05-11,59
131,2018-05-12,67
132,2018-05-13,69
133,2018-05-14,60
134,2018-05-15,57
135,2018-05-16,58
136,2018-05-17,56
137,2018-05-18,56
138,2018-05-19,61
139,2018-05-20,65
140,2018-05-21,61
141,2018-05-22,59
142,2018-05-23,57
143,2018-05-24,51
144,2018-05-25,56
145,2018-05-26,57
146,2018-05-27,67
147,2018-05-28,60
148,2018-05-29,58
149,2018-05-30,59
150,2018-05-31,65
151,2018-06-01,63
152,2018-06-02,68
153,2018-06-03,72
154,2018-06-04,61
155,2018-06-05,62
156,2018-06-06,61
157,2018-06-07,66
158,2018-06-08,64
159,2018-06-09,62
160,2018-06-10,70
161,2018-06-11,56
162,2018-06-12,48
163,2018-06-13,51
164,2018-06-14,52
165,2018-06-15,57
166,2018-06-16,60
167,2018-06-17,66
168,2018-06-18,59
169,2018-06-19,59
170,2018-06-20,55
171,2018-06-21,53
172,2018-06-22,58
173,2018-06-23,57
174,2018-06-24,65
175,2018-06-25,58
176,2018-06-26,59
177,2018-06-27,58
178,2018-06-28,56
179,2018-06-29,56
180,2018-06-30,62
0,2018-07-01,51
1,2018-07-02,47
2,2018-07-03,49
3,2018-07-04,49
4,2018-07-05,46
5,2018-07-06,47
6,2018-07-07,47
7,2018-07-08,43
8,2018-07-09,49
9,2018-07-10,44
10,2018-07-11,56
11,2018-07-12,53
12,2018-07-13,54
13,2018-07-14,54
14,2018-07-15,62
15,2018-07-16,60
16,2018-07-17,63
17,2018-07-18,61
18,2018-07-19,59
19,2018-07-20,56
20,2018-07-21,58
21,2018-07-22,65
22,2018-07-23,64
23,2018-07-24,63
24,2018-07-25,62
25,2018-07-26,58
26,2018-07-27,51
27,2018-07-28,54
28,2018-07-29,56
29,2018-07-30,59
30,2018-07-31,62
31,2018-08-01,60
32,2018-08-02,59
33,2018-08-03,59
34,2018-08-04,57
35,2018-08-05,55
36,2018-08-06,61
37,2018-08-07,57
38,2018-08-08,59
39,2018-08-09,58
40,2018-08-10,56
41,2018-08-11,55
42,2018-08-12,62
43,2018-08-13,57
44,2018-08-14,56
45,2018-08-15,56
46,2018-08-16,56
47,2018-08-17,58
48,2018-08-18,54
49,2018-08-19,56
50,2018-08-20,56
51,2018-08-21,56
52,2018-08-22,56
53,2018-08-23,55
54,2018-08-24,59
55,2018-08-25,58
56,2018-08-26,59
57,2018-08-27,58
58,2018-08-28,56
59,2018-08-29,56
60,2018-08-30,54
61,2018-08-31,55
62,2018-09-01,59
63,2018-09-02,61
64,2018-09-03,60
65,2018-09-04,55
66,2018-09-05,57
67,2018-09-06,55
68,2018-09-07,55
69,2018-09-08,61
70,2018-09-09,64
71,2018-09-10,60
72,2018-09-11,54
73,2018-09-12,55
74,2018-09-13,53
75,2018-09-14,55
76,2018-09-15,62
77,2018-09-16,64
78,2018-09-17,56
79,2018-09-18,47
80,2018-09-19,49
81,2018-09-20,49
82,2018-09-21,53
83,2018-09-22,64
84,2018-09-23,66
85,2018-09-24,57
86,2018-09-25,61
87,2018-09-26,63
88,2018-09-27,60
89,2018-09-28,60
90,2018-09-29,65
91,2018-09-30,64
92,2018-10-01,61
93,2018-10-02,72
94,2018-10-03,73
95,2018-10-04,61
96,2018-10-05,62
97,2018-10-06,72
98,2018-10-07,64
99,2018-10-08,65
100,2018-10-09,62
101,2018-10-10,67
102,2018-10-11,63
103,2018-10-12,66
104,2018-10-13,72
105,2018-10-14,76
106,2018-10-15,70
107,2018-10-16,66
108,2018-10-17,64
109,2018-10-18,64
110,2018-10-19,62
111,2018-10-20,72
112,2018-10-21,71
113,2018-10-22,68
114,2018-10-23,63
115,2018-10-24,64
116,2018-10-25,66
117,2018-10-26,65
118,2018-10-27,73
119,2018-10-28,73
120,2018-10-29,70
121,2018-10-30,62
122,2018-10-31,70
123,2018-11-01,72
124,2018-11-02,70
125,2018-11-03,72
126,2018-11-04,71
127,2018-11-05,66
128,2018-11-06,63
129,2018-11-07,63
130,2018-11-08,62
131,2018-11-09,64
132,2018-11-10,73
133,2018-11-11,80
134,2018-11-12,67
135,2018-11-13,67
136,2018-11-14,74
137,2018-11-15,78
138,2018-11-16,83
139,2018-11-17,93
140,2018-11-18,100
141,2018-11-19,91
142,2018-11-20,84
143,2018-11-21,84
144,2018-11-22,86
145,2018-11-23,84
146,2018-11-24,88
147,2018-11-25,95
148,2018-11-26,80
149,2018-11-27,80
150,2018-11-28,82
151,2018-11-29,77
152,2018-11-30,79
153,2018-12-01,83
154,2018-12-02,84
155,2018-12-03,71
156,2018-12-04,71
157,2018-12-05,71
158,2018-12-06,64
159,2018-12-07,66
160,2018-12-08,72
161,2018-12-09,77
162,2018-12-10,72
163,2018-12-11,69
164,2018-12-12,67
165,2018-12-13,65
166,2018-12-14,67
167,2018-12-15,74
168,2018-12-16,71
169,2018-12-17,71
170,2018-12-18,64
171,2018-12-19,64
172,2018-12-20,63
173,2018-12-21,64
174,2018-12-22,67
175,2018-12-23,68
176,2018-12-24,70
177,2018-12-25,72
178,2018-12-26,75
179,2018-12-27,73
180,2018-12-28,73
181,2018-12-29,74
182,2018-12-30,70
183,2018-12-31,65
0,2019-01-01,94
1,2019-01-02,99
2,2019-01-03,93
3,2019-01-04,97
4,2019-01-05,98
5,2019-01-06,98
6,2019-01-07,87
7,2019-01-08,85
8,2019-01-09,88
9,2019-01-10,84
10,2019-01-11,86
11,2019-01-12,99
12,2019-01-13,100
13,2019-01-14,90
14,2019-01-15,88
15,2019-01-16,87
16,2019-01-17,81
17,2019-01-18,86
18,2019-01-19,99
19,2019-01-20,96
20,2019-01-21,86
21,2019-01-22,83
22,2019-01-23,84
23,2019-01-24,80
24,2019-01-25,80
25,2019-01-26,91
26,2019-01-27,90
27,2019-01-28,83
28,2019-01-29,84
29,2019-01-30,83
30,2019-01-31,80
31,2019-02-01,79
32,2019-02-02,89
33,2019-02-03,84
34,2019-02-04,74
35,2019-02-05,74
36,2019-02-06,72
37,2019-02-07,73
38,2019-02-08,76
39,2019-02-09,85
40,2019-02-10,85
41,2019-02-11,74
42,2019-02-12,73
43,2019-02-13,71
44,2019-02-14,67
45,2019-02-15,72
46,2019-02-16,79
47,2019-02-17,79
48,2019-02-18,81
49,2019-02-19,69
50,2019-02-20,71
51,2019-02-21,71
52,2019-02-22,74
53,2019-02-23,76
54,2019-02-24,77
55,2019-02-25,71
56,2019-02-26,63
57,2019-02-27,67
58,2019-02-28,66
59,2019-03-01,66
60,2019-03-02,78
61,2019-03-03,77
62,2019-03-04,74
63,2019-03-05,71
64,2019-03-06,69
65,2019-03-07,70
66,2019-03-08,78
67,2019-03-09,82
68,2019-03-10,79
69,2019-03-11,73
70,2019-03-12,69
71,2019-03-13,70
72,2019-03-14,73
73,2019-03-15,75
74,2019-03-16,79
75,2019-03-17,76
76,2019-03-18,71
77,2019-03-19,70
78,2019-03-20,69
79,2019-03-21,64
80,2019-03-22,70
81,2019-03-23,71
82,2019-03-24,63
83,2019-03-25,58
84,2019-03-26,70
85,2019-03-27,70
86,2019-03-28,72
87,2019-03-29,69
88,2019-03-30,78
89,2019-03-31,80
90,2019-04-01,67
91,2019-04-02,69
92,2019-04-03,71
93,2019-04-04,70
94,2019-04-05,73
95,2019-04-06,77
96,2019-04-07,79
97,2019-04-08,71
98,2019-04-09,70
99,2019-04-10,73
100,2019-04-11,72
101,2019-04-12,73
102,2019-04-13,82
103,2019-04-14,80
104,2019-04-15,81
105,2019-04-16,72
106,2019-04-17,74
107,2019-04-18,76
108,2019-04-19,79
109,2019-04-20,81
110,2019-04-21,80
111,2019-04-22,81
112,2019-04-23,77
113,2019-04-24,73
114,2019-04-25,71
115,2019-04-26,72
116,2019-04-27,79
117,2019-04-28,74
118,2019-04-29,65
119,2019-04-30,64
120,2019-05-01,70
121,2019-05-02,67
122,2019-05-03,70
123,2019-05-04,75
124,2019-05-05,73
125,2019-05-06,66
126,2019-05-07,65
127,2019-05-08,65
128,2019-05-09,62
129,2019-05-10,68
130,2019-05-11,72
131,2019-05-12,75
132,2019-05-13,64
133,2019-05-14,63
134,2019-05-15,64
135,2019-05-16,60
136,2019-05-17,67
137,2019-05-18,77
138,2019-05-19,72
139,2019-05-20,63
140,2019-05-21,64
141,2019-05-22,63
142,2019-05-23,58
143,2019-05-24,63
144,2019-05-25,68
145,2019-05-26,71
146,2019-05-27,67
147,2019-05-28,65
148,2019-05-29,67
149,2019-05-30,67
150,2019-05-31,67
151,2019-06-01,66
152,2019-06-02,66
153,2019-06-03,54
154,2019-06-04,77
155,2019-06-05,64
156,2019-06-06,66
157,2019-06-07,69
158,2019-06-08,69
159,2019-06-09,75
160,2019-06-10,74
161,2019-06-11,69
162,2019-06-12,70
163,2019-06-13,69
164,2019-06-14,71
165,2019-06-15,71
166,2019-06-16,73
167,2019-06-17,69
168,2019-06-18,68
169,2019-06-19,73
170,2019-06-20,85
171,2019-06-21,84
172,2019-06-22,85
173,2019-06-23,92
174,2019-06-24,86
175,2019-06-25,85
176,2019-06-26,82
177,2019-06-27,76
178,2019-06-28,73
179,2019-06-29,75
180,2019-06-30,75
0,2019-07-01,95
1,2019-07-02,93
2,2019-07-03,87
3,2019-07-04,89
4,2019-07-05,89
5,2019-07-06,90
6,2019-07-07,97
7,2019-07-08,87
8,2019-07-09,86
9,2019-07-10,89
10,2019-07-11,86
11,2019-07-12,86
12,2019-07-13,85
13,2019-07-14,87
14,2019-07-15,88
15,2019-07-16,86
16,2019-07-17,83
17,2019-07-18,78
18,2019-07-19,82
19,2019-07-20,81
20,2019-07-21,82
21,2019-07-22,87
22,2019-07-23,84
23,2019-07-24,82
24,2019-07-25,88
25,2019-07-26,86
26,2019-07-27,79
27,2019-07-28,86
28,2019-07-29,84
29,2019-07-30,85
30,2019-07-31,87
31,2019-08-01,83
32,2019-08-02,70
33,2019-08-03,85
34,2019-08-04,82
35,2019-08-05,90
36,2019-08-06,83
37,2019-08-07,85
38,2019-08-08,86
39,2019-08-09,85
40,2019-08-10,86
41,2019-08-11,87
42,2019-08-12,94
43,2019-08-13,86
44,2019-08-14,87
45,2019-08-15,84
46,2019-08-16,89
47,2019-08-17,89
48,2019-08-18,91
49,2019-08-19,83
50,2019-08-20,87
51,2019-08-21,86
52,2019-08-22,86
53,2019-08-23,83
54,2019-08-24,84
55,2019-08-25,90
56,2019-08-26,90
57,2019-08-27,85
58,2019-08-28,81
59,2019-08-29,86
60,2019-08-30,82
61,2019-08-31,89
62,2019-09-01,92
63,2019-09-02,88
64,2019-09-03,85
65,2019-09-04,81
66,2019-09-05,83
67,2019-09-06,84
68,2019-09-07,93
69,2019-09-08,97
70,2019-09-09,86
71,2019-09-10,77
72,2019-09-11,73
73,2019-09-12,79
74,2019-09-13,82
75,2019-09-14,88
76,2019-09-15,91
77,2019-09-16,74
78,2019-09-17,72
79,2019-09-18,75
80,2019-09-19,75
81,2019-09-20,78
82,2019-09-21,87
83,2019-09-22,89
84,2019-09-23,77
85,2019-09-24,75
86,2019-09-25,82
87,2019-09-26,77
88,2019-09-27,80
89,2019-09-28,90
90,2019-09-29,93
91,2019-09-30,81
92,2019-10-01,78
93,2019-10-02,81
94,2019-10-03,84
95,2019-10-04,85
96,2019-10-05,91
97,2019-10-06,98
98,2019-10-07,83
99,2019-10-08,86
100,2019-10-09,86
101,2019-10-10,85
102,2019-10-11,87
103,2019-10-12,88
104,2019-10-13,94
105,2019-10-14,87
106,2019-10-15,81
107,2019-10-16,82
108,2019-10-17,79
109,2019-10-18,84
110,2019-10-19,92
111,2019-10-20,94
112,2019-10-21,88
113,2019-10-22,86
114,2019-10-23,79
115,2019-10-24,81
116,2019-10-25,82
117,2019-10-26,90
118,2019-10-27,87
119,2019-10-28,87
120,2019-10-29,88
121,2019-10-30,83
122,2019-10-31,88
123,2019-11-01,92
124,2019-11-02,99
125,2019-11-03,98
126,2019-11-04,88
127,2019-11-05,87
128,2019-11-06,96
129,2019-11-07,88
130,2019-11-08,88
131,2019-11-09,98
132,2019-11-10,94
133,2019-11-11,91
134,2019-11-12,82
135,2019-11-13,78
136,2019-11-14,78
137,2019-11-15,78
138,2019-11-16,91
139,2019-11-17,92
140,2019-11-18,79
141,2019-11-19,83
142,2019-11-20,76
143,2019-11-21,82
144,2019-11-22,84
145,2019-11-23,90
146,2019-11-24,93
147,2019-11-25,78
148,2019-11-26,75
149,2019-11-27,78
150,2019-11-28,77
151,2019-11-29,80
152,2019-11-30,83
153,2019-12-01,92
154,2019-12-02,78
155,2019-12-03,79
156,2019-12-04,77
157,2019-12-05,77
158,2019-12-06,80
159,2019-12-07,89
160,2019-12-08,91
161,2019-12-09,92
162,2019-12-10,79
163,2019-12-11,81
164,2019-12-12,79
165,2019-12-13,84
166,2019-12-14,88
167,2019-12-15,95
168,2019-12-16,86
169,2019-12-17,82
170,2019-12-18,78
171,2019-12-19,82
172,2019-12-20,83
173,2019-12-21,91
174,2019-12-22,89
175,2019-12-23,92
176,2019-12-24,88
177,2019-12-25,91
178,2019-12-26,97
179,2019-12-27,100
180,2019-12-28,96
181,2019-12-29,96
182,2019-12-30,96
183,2019-12-31,89
0,2020-01-01,77
1,2020-01-02,87
2,2020-01-03,85
3,2020-01-04,86
4,2020-01-05,79
5,2020-01-06,76
6,2020-01-07,74
7,2020-01-08,71
8,2020-01-09,70
9,2020-01-10,72
10,2020-01-11,82
11,2020-01-12,78
12,2020-01-13,64
13,2020-01-14,67
14,2020-01-15,79
15,2020-01-16,72
16,2020-01-17,71
17,2020-01-18,79
18,2020-01-19,77
19,2020-01-20,71
20,2020-01-21,69
21,2020-01-22,67
22,2020-01-23,66
23,2020-01-24,67
24,2020-01-25,72
25,2020-01-26,70
26,2020-01-27,65
27,2020-01-28,64
28,2020-01-29,64
29,2020-01-30,61
30,2020-01-31,68
31,2020-02-01,70
32,2020-02-02,66
33,2020-02-03,62
34,2020-02-04,57
35,2020-02-05,61
36,2020-02-06,60
37,2020-02-07,63
38,2020-02-08,67
39,2020-02-09,67
40,2020-02-10,64
41,2020-02-11,60
42,2020-02-12,61
43,2020-02-13,60
44,2020-02-14,60
45,2020-02-15,64
46,2020-02-16,67
47,2020-02-17,63
48,2020-02-18,61
49,2020-02-19,62
50,2020-02-20,61
51,2020-02-21,60
52,2020-02-22,68
53,2020-02-23,64
54,2020-02-24,65
55,2020-02-25,64
56,2020-02-26,61
57,2020-02-27,61
58,2020-02-28,58
59,2020-02-29,65
60,2020-03-01,67
61,2020-03-02,60
62,2020-03-03,58
63,2020-03-04,60
64,2020-03-05,59
65,2020-03-06,64
66,2020-03-07,65
67,2020-03-08,63
68,2020-03-09,59
69,2020-03-10,58
70,2020-03-11,61
71,2020-03-12,60
72,2020-03-13,62
73,2020-03-14,68
74,2020-03-15,72
75,2020-03-16,75
76,2020-03-17,78
77,2020-03-18,80
78,2020-03-19,74
79,2020-03-20,73
80,2020-03-21,80
81,2020-03-22,82
82,2020-03-23,86
83,2020-03-24,90
84,2020-03-25,87
85,2020-03-26,98
86,2020-03-27,83
87,2020-03-28,69
88,2020-03-29,97
89,2020-03-30,97
90,2020-03-31,99
91,2020-04-01,88
92,2020-04-02,83
93,2020-04-03,96
94,2020-04-04,87
95,2020-04-05,89
96,2020-04-06,95
97,2020-04-07,94
98,2020-04-08,97
99,2020-04-09,91
100,2020-04-10,90
101,2020-04-11,93
102,2020-04-12,89
103,2020-04-13,97
104,2020-04-14,100
105,2020-04-15,98
106,2020-04-16,94
107,2020-04-17,94
108,2020-04-18,85
109,2020-04-19,91
110,2020-04-20,91
111,2020-04-21,95
112,2020-04-22,93
113,2020-04-23,91
114,2020-04-24,84
115,2020-04-25,85
116,2020-04-26,89
117,2020-04-27,94
118,2020-04-28,96
119,2020-04-29,98
120,2020-04-30,95
121,2020-05-01,86
122,2020-05-02,77
123,2020-05-03,87
124,2020-05-04,99
125,2020-05-05,95
126,2020-05-06,96
127,2020-05-07,98
128,2020-05-08,87
129,2020-05-09,81
130,2020-05-10,83
131,2020-05-11,92
132,2020-05-12,95
133,2020-05-13,94
134,2020-05-14,85
135,2020-05-15,84
136,2020-05-16,82
137,2020-05-17,80
138,2020-05-18,83
139,2020-05-19,90
140,2020-05-20,89
141,2020-05-21,84
142,2020-05-22,82
143,2020-05-23,83
144,2020-05-24,83
145,2020-05-25,85
146,2020-05-26,89
147,2020-05-27,89
148,2020-05-28,90
149,2020-05-29,84
150,2020-05-30,86
151,2020-05-31,84
152,2020-06-01,83
153,2020-06-02,86
154,2020-06-03,91
155,2020-06-04,95
156,2020-06-05,90
157,2020-06-06,85
158,2020-06-07,83
159,2020-06-08,87
160,2020-06-09,87
161,2020-06-10,88
162,2020-06-11,84
163,2020-06-12,80
164,2020-06-13,78
165,2020-06-14,77
166,2020-06-15,77
167,2020-06-16,80
168,2020-06-17,79
169,2020-06-18,75
170,2020-06-19,78
171,2020-06-20,74
172,2020-06-21,70
173,2020-06-22,75
174,2020-06-23,73
175,2020-06-24,72
176,2020-06-25,69
177,2020-06-26,72
178,2020-06-27,75
179,2020-06-28,80
180,2020-06-29,88
181,2020-06-30,81
0,2020-07-01,54
1,2020-07-02,53
2,2020-07-03,49
3,2020-07-04,47
4,2020-07-05,50
5,2020-07-06,50
6,2020-07-07,53
7,2020-07-08,52
8,2020-07-09,48
9,2020-07-10,49
10,2020-07-11,49
11,2020-07-12,46
12,2020-07-13,51
13,2020-07-14,47
14,2020-07-15,50
15,2020-07-16,48
16,2020-07-17,48
17,2020-07-18,46
18,2020-07-19,48
19,2020-07-20,50
20,2020-07-21,49
21,2020-07-22,52
22,2020-07-23,49
23,2020-07-24,50
24,2020-07-25,48
25,2020-07-26,47
26,2020-07-27,51
27,2020-07-28,48
28,2020-07-29,51
29,2020-07-30,49
30,2020-07-31,54
31,2020-08-01,54
32,2020-08-02,54
33,2020-08-03,57
34,2020-08-04,55
35,2020-08-05,57
36,2020-08-06,56
37,2020-08-07,56
38,2020-08-08,58
39,2020-08-09,59
40,2020-08-10,65
41,2020-08-11,57
42,2020-08-12,58
43,2020-08-13,56
44,2020-08-14,54
45,2020-08-15,53
46,2020-08-16,59
47,2020-08-17,57
48,2020-08-18,57
49,2020-08-19,58
50,2020-08-20,57
51,2020-08-21,53
52,2020-08-22,55
53,2020-08-23,55
54,2020-08-24,57
55,2020-08-25,55
56,2020-08-26,52
57,2020-08-27,52
58,2020-08-28,50
59,2020-08-29,53
60,2020-08-30,56
61,2020-08-31,60
62,2020-09-01,57
63,2020-09-02,55
64,2020-09-03,56
65,2020-09-04,54
66,2020-09-05,56
67,2020-09-06,61
68,2020-09-07,57
69,2020-09-08,61
70,2020-09-09,59
71,2020-09-10,59
72,2020-09-11,60
73,2020-09-12,68
74,2020-09-13,69
75,2020-09-14,64
76,2020-09-15,67
77,2020-09-16,83
78,2020-09-17,100
79,2020-09-18,84
80,2020-09-19,86
81,2020-09-20,82
82,2020-09-21,77
83,2020-09-22,76
84,2020-09-23,74
85,2020-09-24,77
86,2020-09-25,74
87,2020-09-26,83
88,2020-09-27,81
89,2020-09-28,77
90,2020-09-29,75
91,2020-09-30,73
92,2020-10-01,72
93,2020-10-02,74
94,2020-10-03,81
95,2020-10-04,77
96,2020-10-05,73
97,2020-10-06,66
98,2020-10-07,65
99,2020-10-08,67
100,2020-10-09,68
101,2020-10-10,72
102,2020-10-11,71
103,2020-10-12,67
104,2020-10-13,66
105,2020-10-14,70
106,2020-10-15,64
107,2020-10-16,66
108,2020-10-17,71
109,2020-10-18,71
110,2020-10-19,70
111,2020-10-20,67
112,2020-10-21,71
113,2020-10-22,69
114,2020-10-23,67
115,2020-10-24,71
116,2020-10-25,75
117,2020-10-26,72
118,2020-10-27,71
119,2020-10-28,72
120,2020-10-29,74
121,2020-10-30,74
122,2020-10-31,73
123,2020-11-01,75
124,2020-11-02,73
125,2020-11-03,67
126,2020-11-04,63
127,2020-11-05,67
128,2020-11-06,64
129,2020-11-07,71
130,2020-11-08,70
131,2020-11-09,67
132,2020-11-10,66
133,2020-11-11,65
134,2020-11-12,66
135,2020-11-13,68
136,2020-11-14,73
137,2020-11-15,73
138,2020-11-16,69
139,2020-11-17,69
140,2020-11-18,68
141,2020-11-19,65
142,2020-11-20,69
143,2020-11-21,70
144,2020-11-22,70
145,2020-11-23,69
146,2020-11-24,64
147,2020-11-25,68
148,2020-11-26,66
149,2020-11-27,65
150,2020-11-28,68
151,2020-11-29,66
152,2020-11-30,66
153,2020-12-01,64
154,2020-12-02,65
155,2020-12-03,66
156,2020-12-04,67
157,2020-12-05,71
158,2020-12-06,72
159,2020-12-07,69
160,2020-12-08,68
161,2020-12-09,64
162,2020-12-10,66
163,2020-12-11,67
164,2020-12-12,70
165,2020-12-13,67
166,2020-12-14,65
167,2020-12-15,66
168,2020-12-16,65
169,2020-12-17,62
170,2020-12-18,67
171,2020-12-19,65
172,2020-12-20,69
173,2020-12-21,67
174,2020-12-22,72
175,2020-12-23,69
176,2020-12-24,63
177,2020-12-25,65
178,2020-12-26,71
179,2020-12-27,75
180,2020-12-28,75
181,2020-12-29,74
182,2020-12-30,70
183,2020-12-31,64
0,2021-01-01,90
1,2021-01-02,89
2,2021-01-03,96
3,2021-01-04,100
4,2021-01-05,92
5,2021-01-06,85
6,2021-01-07,87
7,2021-01-08,90
8,2021-01-09,89
9,2021-01-10,94
10,2021-01-11,90
11,2021-01-12,85
12,2021-01-13,89
13,2021-01-14,84
14,2021-01-15,90
15,2021-01-16,88
16,2021-01-17,88
17,2021-01-18,89
18,2021-01-19,83
19,2021-01-20,83
20,2021-01-21,80
21,2021-01-22,84
22,2021-01-23,86
23,2021-01-24,84
24,2021-01-25,87
25,2021-01-26,89
26,2021-01-27,83
27,2021-01-28,82
28,2021-01-29,79
29,2021-01-30,86
30,2021-01-31,83
31,2021-02-01,79
32,2021-02-02,83
33,2021-02-03,82
34,2021-02-04,77
35,2021-02-05,80
36,2021-02-06,81
37,2021-02-07,79
38,2021-02-08,77
39,2021-02-09,76
40,2021-02-10,73
41,2021-02-11,76
42,2021-02-12,72
43,2021-02-13,76
44,2021-02-14,78
45,2021-02-15,82
46,2021-02-16,81
47,2021-02-17,79
48,2021-02-18,74
49,2021-02-19,80
50,2021-02-20,79
51,2021-02-21,77
52,2021-02-22,76
53,2021-02-23,75
54,2021-02-24,74
55,2021-02-25,72
56,2021-02-26,75
57,2021-02-27,76
58,2021-02-28,75
59,2021-03-01,74
60,2021-03-02,73
61,2021-03-03,71
62,2021-03-04,78
63,2021-03-05,77
64,2021-03-06,75
65,2021-03-07,78
66,2021-03-08,70
67,2021-03-09,76
68,2021-03-10,75
69,2021-03-11,69
70,2021-03-12,75
71,2021-03-13,77
72,2021-03-14,76
73,2021-03-15,76
74,2021-03-16,77
75,2021-03-17,75
76,2021-03-18,73
77,2021-03-19,71
78,2021-03-20,75
79,2021-03-21,74
80,2021-03-22,71
81,2021-03-23,67
82,2021-03-24,67
83,2021-03-25,66
84,2021-03-26,68
85,2021-03-27,69
86,2021-03-28,71
87,2021-03-29,68
88,2021-03-30,65
89,2021-03-31,68
90,2021-04-01,69
91,2021-04-02,69
92,2021-04-03,70
93,2021-04-04,70
94,2021-04-05,76
95,2021-04-06,80
96,2021-04-07,73
97,2021-04-08,73
98,2021-04-09,71
99,2021-04-10,72
100,2021-04-11,74
101,2021-04-12,74
102,2021-04-13,69
103,2021-04-14,69
104,2021-04-15,70
105,2021-04-16,72
106,2021-04-17,71
107,2021-04-18,74
108,2021-04-19,71
109,2021-04-20,72
110,2021-04-21,70
111,2021-04-22,70
112,2021-04-23,68
113,2021-04-24,72
114,2021-04-25,72
115,2021-04-26,72
116,2021-04-27,70
117,2021-04-28,71
118,2021-04-29,74
119,2021-04-30,68
120,2021-05-01,73
121,2021-05-02,76
122,2021-05-03,72
123,2021-05-04,71
124,2021-05-05,69
125,2021-05-06,66
126,2021-05-07,67
127,2021-05-08,69
128,2021-05-09,63
129,2021-05-10,66
130,2021-05-11,69
131,2021-05-12,66
132,2021-05-13,68
133,2021-05-14,68
134,2021-05-15,67
135,2021-05-16,69
136,2021-05-17,64
137,2021-05-18,63
138,2021-05-19,61
139,2021-05-20,62
140,2021-05-21,62
141,2021-05-22,65
142,2021-05-23,64
143,2021-05-24,63
144,2021-05-25,65
145,2021-05-26,62
146,2021-05-27,64
147,2021-05-28,64
148,2021-05-29,63
149,2021-05-30,64
150,2021-05-31,63
151,2021-06-01,63
152,2021-06-02,63
153,2021-06-03,60
154,2021-06-04,64
155,2021-06-05,64
156,2021-06-06,63
157,2021-06-07,62
158,2021-06-08,62
159,2021-06-09,59
160,2021-06-10,60
161,2021-06-11,60
162,2021-06-12,60
163,2021-06-13,60
164,2021-06-14,61
165,2021-06-15,60
166,2021-06-16,64
167,2021-06-17,58
168,2021-06-18,61
169,2021-06-19,60
170,2021-06-20,61
171,2021-06-21,61
172,2021-06-22,59
173,2021-06-23,61
174,2021-06-24,57
175,2021-06-25,59
176,2021-06-26,58
177,2021-06-27,61
178,2021-06-28,63
179,2021-06-29,61
180,2021-06-30,59
0,2021-07-01,45
1,2021-07-02,45
2,2021-07-03,45
3,2021-07-04,47
4,2021-07-05,45
5,2021-07-06,46
6,2021-07-07,42
7,2021-07-08,46
8,2021-07-09,43
9,2021-07-10,44
10,2021-07-11,43
11,2021-07-12,45
12,2021-07-13,45
13,2021-07-14,45
14,2021-07-15,46
15,2021-07-16,44
16,2021-07-17,46
17,2021-07-18,47
18,2021-07-19,48
19,2021-07-20,45
20,2021-07-21,46
21,2021-07-22,45
22,2021-07-23,47
23,2021-07-24,45
24,2021-07-25,48
25,2021-07-26,48
26,2021-07-27,46
27,2021-07-28,45
28,2021-07-29,44
29,2021-07-30,44
30,2021-07-31,46
31,2021-08-01,47
32,2021-08-02,44
33,2021-08-03,45
34,2021-08-04,45
35,2021-08-05,43
36,2021-08-06,43
37,2021-08-07,42
38,2021-08-08,46
39,2021-08-09,46
40,2021-08-10,44
41,2021-08-11,44
42,2021-08-12,44
43,2021-08-13,43
44,2021-08-14,42
45,2021-08-15,40
46,2021-08-16,44
47,2021-08-17,42
48,2021-08-18,42
49,2021-08-19,41
50,2021-08-20,46
51,2021-08-21,43
52,2021-08-22,46
53,2021-08-23,46
54,2021-08-24,44
55,2021-08-25,43
56,2021-08-26,46
57,2021-08-27,43
58,2021-08-28,47
59,2021-08-29,46
60,2021-08-30,45
61,2021-08-31,45
62,2021-09-01,44
63,2021-09-02,44
64,2021-09-03,43
65,2021-09-04,44
66,2021-09-05,46
67,2021-09-06,45
68,2021-09-07,43
69,2021-09-08,42
70,2021-09-09,42
71,2021-09-10,41
72,2021-09-11,47
73,2021-09-12,44
74,2021-09-13,41
75,2021-09-14,40
76,2021-09-15,40
77,2021-09-16,41
78,2021-09-17,41
79,2021-09-18,46
80,2021-09-19,45
81,2021-09-20,42
82,2021-09-21,43
83,2021-09-22,45
84,2021-09-23,42
85,2021-09-24,44
86,2021-09-25,45
87,2021-09-26,45
88,2021-09-27,40
89,2021-09-28,41
90,2021-09-29,40
91,2021-09-30,38
92,2021-10-01,40
93,2021-10-02,43
94,2021-10-03,42
95,2021-10-04,37
96,2021-10-05,40
97,2021-10-06,40
98,2021-10-07,40
99,2021-10-08,41
100,2021-10-09,43
101,2021-10-10,46
102,2021-10-11,44
103,2021-10-12,41
104,2021-10-13,43
105,2021-10-14,43
106,2021-10-15,44
107,2021-10-16,45
108,2021-10-17,46
109,2021-10-18,44
110,2021-10-19,42
111,2021-10-20,43
112,2021-10-21,44
113,2021-10-22,45
114,2021-10-23,46
115,2021-10-24,48
116,2021-10-25,46
117,2021-10-26,46
118,2021-10-27,45
119,2021-10-28,46
120,2021-10-29,49
121,2021-10-30,56
122,2021-10-31,51
123,2021-11-01,48
124,2021-11-02,45
125,2021-11-03,44
126,2021-11-04,44
127,2021-11-05,44
128,2021-11-06,49
129,2021-11-07,52
130,2021-11-08,46
131,2021-11-09,45
132,2021-11-10,46
133,2021-11-11,45
134,2021-11-12,45
135,2021-11-13,55
136,2021-11-14,57
137,2021-11-15,52
138,2021-11-16,58
139,2021-11-17,63
140,2021-11-18,56
141,2021-11-19,56
142,2021-11-20,58
143,2021-11-21,64
144,2021-11-22,56
145,2021-11-23,53
146,2021-11-24,49
147,2021-11-25,50
148,2021-11-26,51
149,2021-11-27,56
150,2021-11-28,63
151,2021-11-29,54
152,2021-11-30,50
153,2021-12-01,49
154,2021-12-02,49
155,2021-12-03,51
156,2021-12-04,54
157,2021-12-05,59
158,2021-12-06,67
159,2021-12-07,77
160,2021-12-08,66
161,2021-12-09,66
162,2021-12-10,63
163,2021-12-11,68
164,2021-12-12,69
165,2021-12-13,65
166,2021-12-14,65
167,2021-12-15,66
168,2021-12-16,68
169,2021-12-17,67
170,2021-12-18,66
171,2021-12-19,63
172,2021-12-20,81
173,2021-12-21,100
174,2021-12-22,79
175,2021-12-23,69
176,2021-12-24,64
177,2021-12-25,64
178,2021-12-26,68
179,2021-12-27,68
180,2021-12-28,68
181,2021-12-29,69
182,2021-12-30,67
183,2021-12-31,64
0,2022-01-01,84
1,2022-01-02,100
2,2022-01-03,84
3,2022-01-04,75
4,2022-01-05,73
5,2022-01-06,65
6,2022-01-07,66
7,2022-01-08,66
8,2022-01-09,66
9,2022-01-10,58
10,2022-01-11,55
11,2022-01-12,54
12,2022-01-13,53
13,2022-01-14,55
14,2022-01-15,57
15,2022-01-16,56
16,2022-01-17,53
17,2022-01-18,49
18,2022-01-19,50
19,2022-01-20,49
20,2022-01-21,47
21,2022-01-22,51
22,2022-01-23,48
23,2022-01-24,42
24,2022-01-25,44
25,2022-01-26,42
26,2022-01-27,45
27,2022-01-28,44
28,2022-01-29,49
29,2022-01-30,47
30,2022-01-31,41
31,2022-02-01,40
32,2022-02-02,41
33,2022-02-03,43
34,2022-02-04,42
35,2022-02-05,43
36,2022-02-06,45
37,2022-02-07,39
38,2022-02-08,40
39,2022-02-09,36
40,2022-02-10,39
41,2022-02-11,37
42,2022-02-12,40
43,2022-02-13,41
44,2022-02-14,36
45,2022-02-15,37
46,2022-02-16,39
47,2022-02-17,37
48,2022-02-18,39
49,2022-02-19,40
50,2022-02-20,41
51,2022-02-21,39
52,2022-02-22,39
53,2022-02-23,36
54,2022-02-24,34
55,2022-02-25,36
56,2022-02-26,38
57,2022-02-27,37
58,2022-02-28,35
59,2022-03-01,35
60,2022-03-02,36
61,2022-03-03,37
62,2022-03-04,34
63,2022-03-05,36
64,2022-03-06,36
65,2022-03-07,33
66,2022-03-08,32
67,2022-03-09,32
68,2022-03-10,31
69,2022-03-11,33
70,2022-03-12,36
71,2022-03-13,36
72,2022-03-14,33
73,2022-03-15,30
74,2022-03-16,33
75,2022-03-17,40
76,2022-03-18,51
77,2022-03-19,46
78,2022-03-20,42
79,2022-03-21,37
80,2022-03-22,36
81,2022-03-23,38
82,2022-03-24,35
83,2022-03-25,34
84,2022-03-26,37
85,2022-03-27,36
86,2022-03-28,32
87,2022-03-29,33
88,2022-03-30,35
89,2022-03-31,33
90,2022-04-01,34
91,2022-04-02,36
92,2022-04-03,38
93,2022-04-04,34
94,2022-04-05,31
95,2022-04-06,38
96,2022-04-07,28
97,2022-04-08,32
98,2022-04-09,32
99,2022-04-10,40
100,2022-04-11,40
101,2022-04-12,38
102,2022-04-13,39
103,2022-04-14,40
104,2022-04-15,42
105,2022-04-16,43
106,2022-04-17,42
107,2022-04-18,42
108,2022-04-19,32
109,2022-04-20,38
110,2022-04-21,34
111,2022-04-22,37
112,2022-04-23,40
113,2022-04-24,39
114,2022-04-25,36
115,2022-04-26,36
116,2022-04-27,34
117,2022-04-28,33
118,2022-04-29,33
119,2022-04-30,39
120,2022-05-01,38
121,2022-05-02,39
122,2022-05-03,37
123,2022-05-04,32
124,2022-05-05,33
125,2022-05-06,34
126,2022-05-07,37
127,2022-05-08,35
128,2022-05-09,34
129,2022-05-10,32
130,2022-05-11,32
131,2022-05-12,29
132,2022-05-13,31
133,2022-05-14,33
134,2022-05-15,34
135,2022-05-16,30
136,2022-05-17,29
137,2022-05-18,28
138,2022-05-19,29
139,2022-05-20,29
140,2022-05-21,32
141,2022-05-22,37
142,2022-05-23,30
143,2022-05-24,30
144,2022-05-25,29
145,2022-05-26,31
146,2022-05-27,30
147,2022-05-28,32
148,2022-05-29,34
149,2022-05-30,31
150,2022-05-31,29
151,2022-06-01,30
152,2022-06-02,29
153,2022-06-03,29
154,2022-06-04,33
155,2022-06-05,35
156,2022-06-06,32
157,2022-06-07,29
158,2022-06-08,30
159,2022-06-09,29
160,2022-06-10,28
161,2022-06-11,31
162,2022-06-12,32
163,2022-06-13,32
164,2022-06-14,29
165,2022-06-15,29
166,2022-06-16,28
167,2022-06-17,30
168,2022-06-18,31
169,2022-06-19,32
170,2022-06-20,30
171,2022-06-21,28
172,2022-06-22,29
173,2022-06-23,28
174,2022-06-24,28
175,2022-06-25,30
176,2022-06-26,31
177,2022-06-27,31
178,2022-06-28,29
179,2022-06-29,30
180,2022-06-30,29
0,2022-07-01,64
1,2022-07-02,64
2,2022-07-03,61
3,2022-07-04,64
4,2022-07-05,64
5,2022-07-06,67
6,2022-07-07,64
7,2022-07-08,59
8,2022-07-09,66
9,2022-07-10,71
10,2022-07-11,63
11,2022-07-12,62
12,2022-07-13,63
13,2022-07-14,58
14,2022-07-15,66
15,2022-07-16,61
16,2022-07-17,69
17,2022-07-18,66
18,2022-07-19,61
19,2022-07-20,63
20,2022-07-21,67
21,2022-07-22,59
22,2022-07-23,72
23,2022-07-24,68
24,2022-07-25,73
25,2022-07-26,67
26,2022-07-27,67
27,2022-07-28,68
28,2022-07-29,64
29,2022-07-30,75
30,2022-07-31,73
31,2022-08-01,74
32,2022-08-02,65
33,2022-08-03,67
34,2022-08-04,69
35,2022-08-05,70
36,2022-08-06,72
37,2022-08-07,71
38,2022-08-08,69
39,2022-08-09,69
40,2022-08-10,66
41,2022-08-11,66
42,2022-08-12,66
43,2022-08-13,67
44,2022-08-14,73
45,2022-08-15,70
46,2022-08-16,67
47,2022-08-17,66
48,2022-08-18,65
49,2022-08-19,68
50,2022-08-20,70
51,2022-08-21,74
52,2022-08-22,68
53,2022-08-23,66
54,2022-08-24,63
55,2022-08-25,67
56,2022-08-26,72
57,2022-08-27,72
58,2022-08-28,73
59,2022-08-29,66
60,2022-08-30,69
61,2022-08-31,72
62,2022-09-01,74
63,2022-09-02,75
64,2022-09-03,79
65,2022-09-04,76
66,2022-09-05,74
67,2022-09-06,67
68,2022-09-07,65
69,2022-09-08,62
70,2022-09-09,66
71,2022-09-10,69
72,2022-09-11,71
73,2022-09-12,61
74,2022-09-13,65
75,2022-09-14,60
76,2022-09-15,60
77,2022-09-16,60
78,2022-09-17,71
79,2022-09-18,72
80,2022-09-19,62
81,2022-09-20,65
82,2022-09-21,60
83,2022-09-22,59
84,2022-09-23,60
85,2022-09-24,72
86,2022-09-25,74
87,2022-09-26,63
88,2022-09-27,58
89,2022-09-28,59
90,2022-09-29,60
91,2022-09-30,63
92,2022-10-01,68
93,2022-10-02,75
94,2022-10-03,66
95,2022-10-04,62
96,2022-10-05,57
97,2022-10-06,59
98,2022-10-07,62
99,2022-10-08,66
100,2022-10-09,70
101,2022-10-10,61
102,2022-10-11,60
103,2022-10-12,61
104,2022-10-13,57
105,2022-10-14,83
106,2022-10-15,100
107,2022-10-16,84
108,2022-10-17,75
109,2022-10-18,68
110,2022-10-19,67
111,2022-10-20,65
112,2022-10-21,71
113,2022-10-22,76
114,2022-10-23,79
115,2022-10-24,68
116,2022-10-25,71
117,2022-10-26,76
118,2022-10-27,67
119,2022-10-28,74
120,2022-10-29,79
121,2022-10-30,83
122,2022-10-31,81
123,2022-11-01,81
124,2022-11-02,75
125,2022-11-03,69
126,2022-11-04,75
127,2022-11-05,81
128,2022-11-06,83
129,2022-11-07,69
130,2022-11-08,67
131,2022-11-09,61
132,2022-11-10,65
133,2022-11-11,78
134,2022-11-12,82
135,2022-11-13,82
136,2022-11-14,71
137,2022-11-15,73
138,2022-11-16,68
139,2022-11-17,67
140,2022-11-18,70
141,2022-11-19,79
142,2022-11-20,79
143,2022-11-21,67
144,2022-11-22,67
145,2022-11-23,67
146,2022-11-24,71
147,2022-11-25,66
148,2022-11-26,70
149,2022-11-27,79
150,2022-11-28,62
151,2022-11-29,64
152,2022-11-30,59
153,2022-12-01,60
154,2022-12-02,63
155,2022-12-03,73
156,2022-12-04,71
157,2022-12-05,62
158,2022-12-06,60
159,2022-12-07,62
160,2022-12-08,62
161,2022-12-09,61
162,2022-12-10,69
163,2022-12-11,75
164,2022-12-12,65
165,2022-12-13,61
166,2022-12-14,60
167,2022-12-15,64
168,2022-12-16,63
169,2022-12-17,73
170,2022-12-18,68
171,2022-12-19,64
172,2022-12-20,66
173,2022-12-21,66
174,2022-12-22,71
175,2022-12-23,69
176,2022-12-24,73
177,2022-12-25,80
178,2022-12-26,87
179,2022-12-27,82
180,2022-12-28,85
181,2022-12-29,81
182,2022-12-30,74
183,2022-12-31,72
